bytes,pattern,strideB,GBps,ns_per_elem
65536,random,1024,0.799761,15.0045
196608,random,1024,2.18588,5.48977
569344,random,1024,5.70994,2.1016
1667072,random,1024,16.7789,0.715186
4894720,random,1024,40.9448,0.293078
14385152,random,1024,60.4955,0.198362
42278912,random,1024,79.8904,0.150206
124272640,random,1024,89.7967,0.133635
365285376,random,1024,83.411,0.143866
1073741824,random,1024,75.6237,0.15868
