bytes,pattern,strideB,GBps,ns_per_elem
65536,random,256,0.637303,18.8293
196608,random,256,2.30041,5.21647
569344,random,256,7.21805,1.6625
1667072,random,256,13.6199,0.881066
4894720,random,256,20.7756,0.577602
14385152,random,256,22.1875,0.540845
42278912,random,256,23.8921,0.502258
124272640,random,256,23.9641,0.500748
365285376,random,256,23.5472,0.509615
1073741824,random,256,20.484,0.585824
