bytes,strideB,threads,GBps,ns_per_elem
1073741824,64,1,13.4487,0.892278
1073741824,64,2,23.3375,0.514193
1073741824,64,4,28.279,0.424343
