bytes,strideB,threads,GBps,ns_per_elem
1073741824,64,1,13.3369,0.899757
1073741824,64,2,23.9071,0.501944
1073741824,64,4,28.6569,0.418747
1073741824,64,8,24.3062,0.493701
