bytes,strideB,threads,GBps,ns_per_elem
1073741824,64,1,13.2801,0.903605
1073741824,64,2,23.3406,0.514126
