bytes,huge,page_strideB,random,elapsed_s,huge_granted
4194304,0,64,1,0.00198887,0
4194304,1,2097152,1,1.86667e-06,1
10227712,0,64,1,0.00522557,0
10227712,1,2097152,1,5.36667e-06,1
24932352,0,64,1,0.0156609,0
24932352,1,2097152,1,2.13333e-05,1
60784640,0,64,1,0.0420483,0
60784640,1,2097152,1,4.96667e-05,1
148189184,0,64,1,0.117143,0
148189184,1,2097152,1,0.0001182,1
361287680,0,64,1,0.345566,0
361287680,1,2097152,1,0.000310467,1
880828416,0,64,1,0.970923,0
880828416,1,2097152,1,0.000730033,1
2147483648,0,64,1,2.59477,0
2147483648,1,2097152,1,0.00200187,1
